legacyLogin;userId
msoares;
epereira;
tfigueiredo;
rtavares;
tmatos;
asaliba;
rcristiano;
lgarpelli;
icardoso;
wcunha;
mcollodetti;
aoliveira;
bladeira;
sregina;
lferreira;
fsaliba;
jrigolon;
fbrito;
ualbino;
noliveira;
llanna;
ctourino;
lrodrigues;
mmanzine;
amattos;
cbillerbeck;
acaputo;
cpossas;
lvieira;
rmonteiro;
lcarvalho;
mjunior;
tlima;
pferreira;
jpanitz;
cavila;
mbarrozo;
rsantos;
rribeiro;
rsoares;
kmelo;
hprinzo;
mneves;
agsilva;
dpassos;
balmerindo;
jcosta;
rpita;
callessi;
fcampera;
gslongo;
gcarvalho;
isoares;
lpaweukievicz;
lhenrique;
lventura;
lgontijo;
lalecrim;
mramos;
mavelar;
mkomatsu;
vsliva;
raraujo;
mnogueira;
dgomes;
ycosta;
psenna;
rsouza;
lfortes;
rfernandes;
mmafessoli;
bsilveira;